Call ID,Assistant ID,Squad ID,Customer ID,Customer Name,Customer Number,Customer SIP URI,Customer Extension,Phone Number ID,Ended Reason,Type,Duration,Started At,Ended At,Transcript,Summary,Success Evaluation,Recording URL,Cost,Phone Call Provider,Phone Call Provider ID,Created At,Updated At,format,Call Summary,Success Evaluation - Pass/Fail
019d7cff-6460-7000-85d3-33b7ff0cb4ad,315253bf-2834-4ff1-8acc-e60b8c9a3094,,,,,,,,customer-ended-call,webCall,143,2026-04-11 14:43:26 GMT+0,2026-04-11 14:45:50 GMT+0,"AI: Hi. This is the resolution team following up on your account. I understand you've already spoken with our assessment team. I'm here to help find a solution that works for you.
User: Hello.
AI: Great. I understand, uh, you have a debt of state amount outstanding. I'm authorized to offer you a couple of options today to resolve this. Would you be interested in in discussing a onetime lump sum settlement at a discounted rate, or would you prefer to explore a payment plan that breaks the balance into smaller monthly installments?
User: A 1 time lump sum amount with discount.
AI: Okay. Great. I can definitely help you with that. Let me take a look here. Okay. So based on the information I have, I can offer you a onetime lump sum settlement at 30 percent off the current balance. Would that be something you'd be interested in?
User: I'm not willing to pay.
AI: I understand. Paying off debt can be challenging. And I appreciate you being upfront. About your situation. However, ignoring the debt won't make it disappear. It could potentially lead to further consequences like continued interest charges or even legal action down the line. I'm here to help you avoid that. While you may
User: I understand. I'm not in the position to back debt right now.
AI: Okay. I understand that things can be, um, difficult. But I'm willing to work with you. What amount do you think you can afford?
User: As of now, nothing.
AI: Okay. I I do understand. Well, I'm willing to work with you. Let's just see what we can do. I can actually offer you a lower discount, say, 20 percent off the total balance. Would that be something you'd be interested in?
User: No. I don't want to pay at all. Please don't call me again.
AI: Okay. I understand. I will mark your account as do not call. And we will cease contact. Have a good day.
User: Thank you.
","The resolution team contacted the user about an outstanding debt, offering a discounted lump sum settlement or a payment plan. Although the user initially showed interest in a lump sum, they ultimately stated they were unwilling and unable to pay anything, requesting no further contact. The AI agreed to mark the account as ""do not call"" and cease contact.",false,https://storage.vapi.ai/019d7cff-6460-7000-85d3-33b7ff0cb4ad-1775918752838-8d09d03d-346c-4037-9ec1-9efb8f30d9c9-mono.wav,0.2572,,,2026-04-11 14:43:25 GMT+0,2026-04-11 14:45:59 GMT+0,"{""deal_agreed"": false, ""settlement_type"": ""none"", ""settlement_amount"": 0, ""payment_plan_months"": 0, ""borrower_sentiment"": ""distressed"", ""call_summary"": ""The agent presented both lump sum and payment plan settlement options, but the borrower repeatedly stated they were not willing or able to pay at this time. The borrower requested no further contact, and the agent acknowledged this and ended the call without reaching any settlement agreement.""}","The agent contacted the borrower to negotiate a debt settlement, offering both a lump-sum discount and a payment plan. The borrower declined all payment options, stating they were not in a position to pay and requested no further contact. The agent acknowledged the request, marked the account as do not call, and ended the conversation professionally.",false
